name,price,ratings,specification
ASUS ROG Strix G15 AMD Ryzen 7 Octa Core 6800HS - (16 GB/512 GB SSD/Windows 11 Home/4 GB Graphics/NVID...,"?77,990",4.3,"['AMD Ryzen 7 Octa Core Processor16 GB DDR5 RAMWindows 11 Operating System512 GB SSD39.62 cm (15.6 Inch) Display1 Year Onsite Warranty', 'AMD Ryzen 7 Octa Core Processor16 GB DDR5 RAMWindows 11 Operating System512 GB SSD39.62 cm (15.6 Inch) Display1 Year Onsite Warranty', 'AMD Ryzen 7 Octa Core Processor16 GB DDR5 RAMWindows 11 Operating System512 GB SSD39.62 cm (15.6 Inch) Display1 Year Onsite Warranty', 'AMD Ryzen 7 Octa Core Processor16 GB DDR5 RAMWindows 11 Operating System512 GB SSD39.62 cm (15.6 Inch) Display1 Year Onsite Warranty', 'AMD Ryzen 7 Octa Core Processor16 GB DDR5 RAMWindows 11 Operating System512 GB SSD39.62 cm (15.6 Inch) Display1 Year Onsite Warranty', 'AMD Ryzen 7 Octa Core Processor16 GB DDR5 RAMWindows 11 Operating System512 GB SSD39.62 cm (15.6 Inch) Display1 Year Onsite Warranty']"
Lenovo IdeaPad Gaming 3 AMD Ryzen 7 Octa Core 6800H - (8 GB/512 GB SSD/Windows 11 Home/4 GB Graphics/N...,"?61,990",4.2,"['AMD Ryzen 7 Octa Core Processor8 GB DDR5 RAMWindows 11 Operating System512 GB SSD39.62 cm (15.6 inch) DisplayMicrosoft Office Home & Student 20211 Year Onsite Warranty', 'AMD Ryzen 7 Octa Core Processor8 GB DDR5 RAMWindows 11 Operating System512 GB SSD39.62 cm (15.6 inch) DisplayMicrosoft Office Home & Student 20211 Year Onsite Warranty', 'AMD Ryzen 7 Octa Core Processor8 GB DDR5 RAMWindows 11 Operating System512 GB SSD39.62 cm (15.6 inch) DisplayMicrosoft Office Home & Student 20211 Year Onsite Warranty', 'AMD Ryzen 7 Octa Core Processor8 GB DDR5 RAMWindows 11 Operating System512 GB SSD39.62 cm (15.6 inch) DisplayMicrosoft Office Home & Student 20211 Year Onsite Warranty', 'AMD Ryzen 7 Octa Core Processor8 GB DDR5 RAMWindows 11 Operating System512 GB SSD39.62 cm (15.6 inch) DisplayMicrosoft Office Home & Student 20211 Year Onsite Warranty', 'AMD Ryzen 7 Octa Core Processor8 GB DDR5 RAMWindows 11 Operating System512 GB SSD39.62 cm (15.6 inch) DisplayMicrosoft Office Home & Student 20211 Year Onsite Warranty', 'AMD Ryzen 7 Octa Core Processor8 GB DDR5 RAMWindows 11 Operating System512 GB SSD39.62 cm (15.6 inch) DisplayMicrosoft Office Home & Student 20211 Year Onsite Warranty']"
Acer Nitro 5 Intel Core i5 12th Gen 12450H - (16 GB/512 GB SSD/Windows 11 Home/4 GB Graphics/NVIDIA Ge...,"?66,900",4.4,"['Intel Core i5 Processor (12th Gen)16 GB DDR4 RAM64 bit Windows 11 Operating System512 GB SSD39.62 cm (15.6 inch) DisplayAcer Care Center, Acer Product Registration, NitroSense1 Year International Travelers Warranty (ITW)', 'Intel Core i5 Processor (12th Gen)16 GB DDR4 RAM64 bit Windows 11 Operating System512 GB SSD39.62 cm (15.6 inch) DisplayAcer Care Center, Acer Product Registration, NitroSense1 Year International Travelers Warranty (ITW)', 'Intel Core i5 Processor (12th Gen)16 GB DDR4 RAM64 bit Windows 11 Operating System512 GB SSD39.62 cm (15.6 inch) DisplayAcer Care Center, Acer Product Registration, NitroSense1 Year International Travelers Warranty (ITW)', 'Intel Core i5 Processor (12th Gen)16 GB DDR4 RAM64 bit Windows 11 Operating System512 GB SSD39.62 cm (15.6 inch) DisplayAcer Care Center, Acer Product Registration, NitroSense1 Year International Travelers Warranty (ITW)', 'Intel Core i5 Processor (12th Gen)16 GB DDR4 RAM64 bit Windows 11 Operating System512 GB SSD39.62 cm (15.6 inch) DisplayAcer Care Center, Acer Product Registration, NitroSense1 Year International Travelers Warranty (ITW)', 'Intel Core i5 Processor (12th Gen)16 GB DDR4 RAM64 bit Windows 11 Operating System512 GB SSD39.62 cm (15.6 inch) DisplayAcer Care Center, Acer Product Registration, NitroSense1 Year International Travelers Warranty (ITW)', 'Intel Core i5 Processor (12th Gen)16 GB DDR4 RAM64 bit Windows 11 Operating System512 GB SSD39.62 cm (15.6 inch) DisplayAcer Care Center, Acer Product Registration, NitroSense1 Year International Travelers Warranty (ITW)']"
Acer Predator Neo (2023) Intel Core i7 13th Gen 13700HX - (16 GB/1 TB SSD/Windows 11 Home/6 GB Graphic...,"?99,990",4.4,"['Intel Core i7 Processor (13th Gen)16 GB DDR5 RAMWindows 11 Operating System1 TB SSD40.64 cm (16 Inch) Display1 Year International Travelers Warranty (ITW)', 'Intel Core i7 Processor (13th Gen)16 GB DDR5 RAMWindows 11 Operating System1 TB SSD40.64 cm (16 Inch) Display1 Year International Travelers Warranty (ITW)', 'Intel Core i7 Processor (13th Gen)16 GB DDR5 RAMWindows 11 Operating System1 TB SSD40.64 cm (16 Inch) Display1 Year International Travelers Warranty (ITW)', 'Intel Core i7 Processor (13th Gen)16 GB DDR5 RAMWindows 11 Operating System1 TB SSD40.64 cm (16 Inch) Display1 Year International Travelers Warranty (ITW)', 'Intel Core i7 Processor (13th Gen)16 GB DDR5 RAMWindows 11 Operating System1 TB SSD40.64 cm (16 Inch) Display1 Year International Travelers Warranty (ITW)', 'Intel Core i7 Processor (13th Gen)16 GB DDR5 RAMWindows 11 Operating System1 TB SSD40.64 cm (16 Inch) Display1 Year International Travelers Warranty (ITW)']"
Acer Predator Neo (2023) Intel Core i5 13th Gen 13500HX - (16 GB/512 GB SSD/Windows 11 Home/6 GB Graph...,"?1,09,990",4.5,"['Intel Core i5 Processor (13th Gen)16 GB DDR5 RAMWindows 11 Operating System512 GB SSD40.64 cm (16 Inch) Display1 Year International Travelers Warranty (ITW)', 'Intel Core i5 Processor (13th Gen)16 GB DDR5 RAMWindows 11 Operating System512 GB SSD40.64 cm (16 Inch) Display1 Year International Travelers Warranty (ITW)', 'Intel Core i5 Processor (13th Gen)16 GB DDR5 RAMWindows 11 Operating System512 GB SSD40.64 cm (16 Inch) Display1 Year International Travelers Warranty (ITW)', 'Intel Core i5 Processor (13th Gen)16 GB DDR5 RAMWindows 11 Operating System512 GB SSD40.64 cm (16 Inch) Display1 Year International Travelers Warranty (ITW)', 'Intel Core i5 Processor (13th Gen)16 GB DDR5 RAMWindows 11 Operating System512 GB SSD40.64 cm (16 Inch) Display1 Year International Travelers Warranty (ITW)', 'Intel Core i5 Processor (13th Gen)16 GB DDR5 RAMWindows 11 Operating System512 GB SSD40.64 cm (16 Inch) Display1 Year International Travelers Warranty (ITW)']"
HP Victus AMD Ryzen 5 Hexa Core 5600H - (16 GB/512 GB SSD/Windows 11 Home/4 GB Graphics/NVIDIA GeForce...,"?62,990",4.3,"['AMD Ryzen 5 Hexa Core Processor16 GB DDR4 RAMWindows 11 Operating System512 GB SSD38.86 cm (15.3 Inch) Display1 Year Onsite Warranty', 'AMD Ryzen 5 Hexa Core Processor16 GB DDR4 RAMWindows 11 Operating System512 GB SSD38.86 cm (15.3 Inch) Display1 Year Onsite Warranty', 'AMD Ryzen 5 Hexa Core Processor16 GB DDR4 RAMWindows 11 Operating System512 GB SSD38.86 cm (15.3 Inch) Display1 Year Onsite Warranty', 'AMD Ryzen 5 Hexa Core Processor16 GB DDR4 RAMWindows 11 Operating System512 GB SSD38.86 cm (15.3 Inch) Display1 Year Onsite Warranty', 'AMD Ryzen 5 Hexa Core Processor16 GB DDR4 RAMWindows 11 Operating System512 GB SSD38.86 cm (15.3 Inch) Display1 Year Onsite Warranty', 'AMD Ryzen 5 Hexa Core Processor16 GB DDR4 RAMWindows 11 Operating System512 GB SSD38.86 cm (15.3 Inch) Display1 Year Onsite Warranty']"
ASUS TUF Gaming F15 with 90WHr Battery Intel Core i5 11th Gen 11400H - (16 GB/512 GB SSD/Windows 11 Ho...,"?60,990",4.4,"['Intel Core i5 Processor (11th Gen)16 GB DDR4 RAMWindows 11 Operating System512 GB SSD39.62 cm (15.6 Inch) Display1 Year Onsite Warranty', 'Intel Core i5 Processor (11th Gen)16 GB DDR4 RAMWindows 11 Operating System512 GB SSD39.62 cm (15.6 Inch) Display1 Year Onsite Warranty', 'Intel Core i5 Processor (11th Gen)16 GB DDR4 RAMWindows 11 Operating System512 GB SSD39.62 cm (15.6 Inch) Display1 Year Onsite Warranty', 'Intel Core i5 Processor (11th Gen)16 GB DDR4 RAMWindows 11 Operating System512 GB SSD39.62 cm (15.6 Inch) Display1 Year Onsite Warranty', 'Intel Core i5 Processor (11th Gen)16 GB DDR4 RAMWindows 11 Operating System512 GB SSD39.62 cm (15.6 Inch) Display1 Year Onsite Warranty', 'Intel Core i5 Processor (11th Gen)16 GB DDR4 RAMWindows 11 Operating System512 GB SSD39.62 cm (15.6 Inch) Display1 Year Onsite Warranty']"
HP Victus Intel Core i7 12th Gen 12650H - (16 GB/512 GB SSD/Windows 11 Home/4 GB Graphics/NVIDIA GeFor...,"?77,490",4.5,"['Intel Core i7 Processor (12th Gen)16 GB DDR4 RAMWindows 11 Operating System512 GB SSD39.62 cm (15.6 Inch) Display1 Year Onsite Warranty', 'Intel Core i7 Processor (12th Gen)16 GB DDR4 RAMWindows 11 Operating System512 GB SSD39.62 cm (15.6 Inch) Display1 Year Onsite Warranty', 'Intel Core i7 Processor (12th Gen)16 GB DDR4 RAMWindows 11 Operating System512 GB SSD39.62 cm (15.6 Inch) Display1 Year Onsite Warranty', 'Intel Core i7 Processor (12th Gen)16 GB DDR4 RAMWindows 11 Operating System512 GB SSD39.62 cm (15.6 Inch) Display1 Year Onsite Warranty', 'Intel Core i7 Processor (12th Gen)16 GB DDR4 RAMWindows 11 Operating System512 GB SSD39.62 cm (15.6 Inch) Display1 Year Onsite Warranty', 'Intel Core i7 Processor (12th Gen)16 GB DDR4 RAMWindows 11 Operating System512 GB SSD39.62 cm (15.6 Inch) Display1 Year Onsite Warranty']"
HP Victus gaming AMD Ryzen 5 Hexa Core 5600H - (8 GB/512 GB SSD/Windows 11 Home/4 GB Graphics/AMD Rade...,"?47,990",4.2,"['AMD Ryzen 5 Hexa Core Processor8 GB DDR4 RAMWindows 11 Operating System512 GB SSD39.62 cm (15.6 inch) Display1 Year Onsite Warranty', 'AMD Ryzen 5 Hexa Core Processor8 GB DDR4 RAMWindows 11 Operating System512 GB SSD39.62 cm (15.6 inch) Display1 Year Onsite Warranty', 'AMD Ryzen 5 Hexa Core Processor8 GB DDR4 RAMWindows 11 Operating System512 GB SSD39.62 cm (15.6 inch) Display1 Year Onsite Warranty', 'AMD Ryzen 5 Hexa Core Processor8 GB DDR4 RAMWindows 11 Operating System512 GB SSD39.62 cm (15.6 inch) Display1 Year Onsite Warranty', 'AMD Ryzen 5 Hexa Core Processor8 GB DDR4 RAMWindows 11 Operating System512 GB SSD39.62 cm (15.6 inch) Display1 Year Onsite Warranty', 'AMD Ryzen 5 Hexa Core Processor8 GB DDR4 RAMWindows 11 Operating System512 GB SSD39.62 cm (15.6 inch) Display1 Year Onsite Warranty']"
Lenovo IdeaPad Gaming 3 Intel Core i5 11th Gen 11320H - (8 GB/512 GB SSD/Windows 11 Home/4 GB Graphics...,"?47,990",4.2,"['Intel Core i5 Processor (11th Gen)8 GB DDR4 RAMWindows 11 Operating System512 GB SSD39.62 cm (15.6 inch) Display1 Year Onsite Warranty', 'Intel Core i5 Processor (11th Gen)8 GB DDR4 RAMWindows 11 Operating System512 GB SSD39.62 cm (15.6 inch) Display1 Year Onsite Warranty', 'Intel Core i5 Processor (11th Gen)8 GB DDR4 RAMWindows 11 Operating System512 GB SSD39.62 cm (15.6 inch) Display1 Year Onsite Warranty', 'Intel Core i5 Processor (11th Gen)8 GB DDR4 RAMWindows 11 Operating System512 GB SSD39.62 cm (15.6 inch) Display1 Year Onsite Warranty', 'Intel Core i5 Processor (11th Gen)8 GB DDR4 RAMWindows 11 Operating System512 GB SSD39.62 cm (15.6 inch) Display1 Year Onsite Warranty', 'Intel Core i5 Processor (11th Gen)8 GB DDR4 RAMWindows 11 Operating System512 GB SSD39.62 cm (15.6 inch) Display1 Year Onsite Warranty']"
HP OMEN Intel Core i5 13th Gen 13420H - (16 GB/512 GB SSD/Windows 11 Home/6 GB Graphics/NVIDIA GeForce...,"?89,990",4.2,"['Intel Core i5 Processor (13th Gen)16 GB DDR5 RAMWindows 11 Operating System512 GB SSD40.89 cm (16.1 Inch) Display1 Year Onsite Warranty', 'Intel Core i5 Processor (13th Gen)16 GB DDR5 RAMWindows 11 Operating System512 GB SSD40.89 cm (16.1 Inch) Display1 Year Onsite Warranty', 'Intel Core i5 Processor (13th Gen)16 GB DDR5 RAMWindows 11 Operating System512 GB SSD40.89 cm (16.1 Inch) Display1 Year Onsite Warranty', 'Intel Core i5 Processor (13th Gen)16 GB DDR5 RAMWindows 11 Operating System512 GB SSD40.89 cm (16.1 Inch) Display1 Year Onsite Warranty', 'Intel Core i5 Processor (13th Gen)16 GB DDR5 RAMWindows 11 Operating System512 GB SSD40.89 cm (16.1 Inch) Display1 Year Onsite Warranty', 'Intel Core i5 Processor (13th Gen)16 GB DDR5 RAMWindows 11 Operating System512 GB SSD40.89 cm (16.1 Inch) Display1 Year Onsite Warranty']"
HP OMEN Intel Core i7 14th Gen 14700HX - (16 GB/1 TB SSD/Windows 11 Home/8 GB Graphics/NVIDIA GeForce ...,"?1,38,990",4.8,"['Intel Core i7 Processor (14th Gen)16 GB DDR5 RAMWindows 11 Operating System1 TB SSD40.89 cm (16.1 Inch) Display1 Year Onsite Warranty', 'Intel Core i7 Processor (14th Gen)16 GB DDR5 RAMWindows 11 Operating System1 TB SSD40.89 cm (16.1 Inch) Display1 Year Onsite Warranty', 'Intel Core i7 Processor (14th Gen)16 GB DDR5 RAMWindows 11 Operating System1 TB SSD40.89 cm (16.1 Inch) Display1 Year Onsite Warranty', 'Intel Core i7 Processor (14th Gen)16 GB DDR5 RAMWindows 11 Operating System1 TB SSD40.89 cm (16.1 Inch) Display1 Year Onsite Warranty', 'Intel Core i7 Processor (14th Gen)16 GB DDR5 RAMWindows 11 Operating System1 TB SSD40.89 cm (16.1 Inch) Display1 Year Onsite Warranty', 'Intel Core i7 Processor (14th Gen)16 GB DDR5 RAMWindows 11 Operating System1 TB SSD40.89 cm (16.1 Inch) Display1 Year Onsite Warranty']"
"ASUS Vivobook Pro 15 For Creator, AMD Ryzen 7 Octa Core 5800HS - (16 GB/512 GB SSD/Windows 11 Home/4 G...","?57,990",4.4,"['AMD Ryzen 7 Octa Core Processor16 GB DDR4 RAMWindows 11 Operating System512 GB SSD39.62 cm (15.6 Inch) Display1 Year Onsite Warranty', 'AMD Ryzen 7 Octa Core Processor16 GB DDR4 RAMWindows 11 Operating System512 GB SSD39.62 cm (15.6 Inch) Display1 Year Onsite Warranty', 'AMD Ryzen 7 Octa Core Processor16 GB DDR4 RAMWindows 11 Operating System512 GB SSD39.62 cm (15.6 Inch) Display1 Year Onsite Warranty', 'AMD Ryzen 7 Octa Core Processor16 GB DDR4 RAMWindows 11 Operating System512 GB SSD39.62 cm (15.6 Inch) Display1 Year Onsite Warranty', 'AMD Ryzen 7 Octa Core Processor16 GB DDR4 RAMWindows 11 Operating System512 GB SSD39.62 cm (15.6 Inch) Display1 Year Onsite Warranty', 'AMD Ryzen 7 Octa Core Processor16 GB DDR4 RAMWindows 11 Operating System512 GB SSD39.62 cm (15.6 Inch) Display1 Year Onsite Warranty']"
ASUS TUF Gaming F15 - AI Powered Gaming Intel Core i5 11th Gen 11260H - (16 GB/512 GB SSD/Windows 11 H...,"?57,990",4.3,"['Intel Core i5 Processor (11th Gen)16 GB DDR4 RAMWindows 11 Operating System512 GB SSD39.62 cm (15.6 Inch) Display1 Year Carry-in Warranty', 'Intel Core i5 Processor (11th Gen)16 GB DDR4 RAMWindows 11 Operating System512 GB SSD39.62 cm (15.6 Inch) Display1 Year Carry-in Warranty', 'Intel Core i5 Processor (11th Gen)16 GB DDR4 RAMWindows 11 Operating System512 GB SSD39.62 cm (15.6 Inch) Display1 Year Carry-in Warranty', 'Intel Core i5 Processor (11th Gen)16 GB DDR4 RAMWindows 11 Operating System512 GB SSD39.62 cm (15.6 Inch) Display1 Year Carry-in Warranty', 'Intel Core i5 Processor (11th Gen)16 GB DDR4 RAMWindows 11 Operating System512 GB SSD39.62 cm (15.6 Inch) Display1 Year Carry-in Warranty', 'Intel Core i5 Processor (11th Gen)16 GB DDR4 RAMWindows 11 Operating System512 GB SSD39.62 cm (15.6 Inch) Display1 Year Carry-in Warranty']"
HP Victus Intel Core i5 12th Gen 12450H - (16 GB/512 GB SSD/Windows 11 Home/4 GB Graphics/NVIDIA GeFor...,"?66,990",4.4,"['Intel Core i5 Processor (12th Gen)16 GB DDR4 RAMWindows 11 Operating System512 GB SSD39.62 cm (15.6 Inch) Display1 Year Onsite Warranty', 'Intel Core i5 Processor (12th Gen)16 GB DDR4 RAMWindows 11 Operating System512 GB SSD39.62 cm (15.6 Inch) Display1 Year Onsite Warranty', 'Intel Core i5 Processor (12th Gen)16 GB DDR4 RAMWindows 11 Operating System512 GB SSD39.62 cm (15.6 Inch) Display1 Year Onsite Warranty', 'Intel Core i5 Processor (12th Gen)16 GB DDR4 RAMWindows 11 Operating System512 GB SSD39.62 cm (15.6 Inch) Display1 Year Onsite Warranty', 'Intel Core i5 Processor (12th Gen)16 GB DDR4 RAMWindows 11 Operating System512 GB SSD39.62 cm (15.6 Inch) Display1 Year Onsite Warranty', 'Intel Core i5 Processor (12th Gen)16 GB DDR4 RAMWindows 11 Operating System512 GB SSD39.62 cm (15.6 Inch) Display1 Year Onsite Warranty']"
Lenovo LOQ Intel Core i5 12th Gen 12450H - (16 GB/512 GB SSD/Windows 11 Home/6 GB Graphics/NVIDIA GeFo...,"?68,990",4.4,"['Intel Core i5 Processor (12th Gen)16 GB DDR5 RAMWindows 11 Operating System512 GB SSD39.62 cm (15.6 Inch) DisplayMicrosoft Office Home & Student 20211 Year Onsite Warranty', 'Intel Core i5 Processor (12th Gen)16 GB DDR5 RAMWindows 11 Operating System512 GB SSD39.62 cm (15.6 Inch) DisplayMicrosoft Office Home & Student 20211 Year Onsite Warranty', 'Intel Core i5 Processor (12th Gen)16 GB DDR5 RAMWindows 11 Operating System512 GB SSD39.62 cm (15.6 Inch) DisplayMicrosoft Office Home & Student 20211 Year Onsite Warranty', 'Intel Core i5 Processor (12th Gen)16 GB DDR5 RAMWindows 11 Operating System512 GB SSD39.62 cm (15.6 Inch) DisplayMicrosoft Office Home & Student 20211 Year Onsite Warranty', 'Intel Core i5 Processor (12th Gen)16 GB DDR5 RAMWindows 11 Operating System512 GB SSD39.62 cm (15.6 Inch) DisplayMicrosoft Office Home & Student 20211 Year Onsite Warranty', 'Intel Core i5 Processor (12th Gen)16 GB DDR5 RAMWindows 11 Operating System512 GB SSD39.62 cm (15.6 Inch) DisplayMicrosoft Office Home & Student 20211 Year Onsite Warranty', 'Intel Core i5 Processor (12th Gen)16 GB DDR5 RAMWindows 11 Operating System512 GB SSD39.62 cm (15.6 Inch) DisplayMicrosoft Office Home & Student 20211 Year Onsite Warranty']"
HP Pavilion AMD Ryzen 5 Hexa Core 5500U - (16 GB/1 TB SSD/Windows 11 Home) 15-eh1047AU Thin and Light ...,"?55,490",4.4,"['AMD Ryzen 5 Hexa Core Processor16 GB DDR4 RAMWindows 11 Operating System1 TB SSD39.62 cm (15.6 Inch) Display1 Year Onsite Warranty', 'AMD Ryzen 5 Hexa Core Processor16 GB DDR4 RAMWindows 11 Operating System1 TB SSD39.62 cm (15.6 Inch) Display1 Year Onsite Warranty', 'AMD Ryzen 5 Hexa Core Processor16 GB DDR4 RAMWindows 11 Operating System1 TB SSD39.62 cm (15.6 Inch) Display1 Year Onsite Warranty', 'AMD Ryzen 5 Hexa Core Processor16 GB DDR4 RAMWindows 11 Operating System1 TB SSD39.62 cm (15.6 Inch) Display1 Year Onsite Warranty', 'AMD Ryzen 5 Hexa Core Processor16 GB DDR4 RAMWindows 11 Operating System1 TB SSD39.62 cm (15.6 Inch) Display1 Year Onsite Warranty', 'AMD Ryzen 5 Hexa Core Processor16 GB DDR4 RAMWindows 11 Operating System1 TB SSD39.62 cm (15.6 Inch) Display1 Year Onsite Warranty']"
Lenovo V15 Intel Celeron Dual Core 4th Gen - (8 GB/256 GB SSD/Windows 11 Home) 82QYA00MIN Laptop,"?21,790",4,"['Intel Celeron Dual Core Processor (4th Gen)8 GB DDR4 RAM64 bit Windows 11 Operating System256 GB SSD39.62 cm (15.6 inch) Display1 Years', 'Intel Celeron Dual Core Processor (4th Gen)8 GB DDR4 RAM64 bit Windows 11 Operating System256 GB SSD39.62 cm (15.6 inch) Display1 Years', 'Intel Celeron Dual Core Processor (4th Gen)8 GB DDR4 RAM64 bit Windows 11 Operating System256 GB SSD39.62 cm (15.6 inch) Display1 Years', 'Intel Celeron Dual Core Processor (4th Gen)8 GB DDR4 RAM64 bit Windows 11 Operating System256 GB SSD39.62 cm (15.6 inch) Display1 Years', 'Intel Celeron Dual Core Processor (4th Gen)8 GB DDR4 RAM64 bit Windows 11 Operating System256 GB SSD39.62 cm (15.6 inch) Display1 Years', 'Intel Celeron Dual Core Processor (4th Gen)8 GB DDR4 RAM64 bit Windows 11 Operating System256 GB SSD39.62 cm (15.6 inch) Display1 Years']"
HP Victus Intel Core i5 12th Gen 12450H - (8 GB/512 GB SSD/Windows 11 Home/4 GB Graphics/NVIDIA GeForc...,"?56,990",4.4,"['Intel Core i5 Processor (12th Gen)8 GB DDR4 RAMWindows 11 Operating System512 GB SSD39.62 cm (15.6 inch) Display1 Year Onsite Warranty', 'Intel Core i5 Processor (12th Gen)8 GB DDR4 RAMWindows 11 Operating System512 GB SSD39.62 cm (15.6 inch) Display1 Year Onsite Warranty', 'Intel Core i5 Processor (12th Gen)8 GB DDR4 RAMWindows 11 Operating System512 GB SSD39.62 cm (15.6 inch) Display1 Year Onsite Warranty', 'Intel Core i5 Processor (12th Gen)8 GB DDR4 RAMWindows 11 Operating System512 GB SSD39.62 cm (15.6 inch) Display1 Year Onsite Warranty', 'Intel Core i5 Processor (12th Gen)8 GB DDR4 RAMWindows 11 Operating System512 GB SSD39.62 cm (15.6 inch) Display1 Year Onsite Warranty', 'Intel Core i5 Processor (12th Gen)8 GB DDR4 RAMWindows 11 Operating System512 GB SSD39.62 cm (15.6 inch) Display1 Year Onsite Warranty']"
"ASUS Vivobook Pro 15 For Creator, AMD Ryzen 5 Hexa Core 5600HS - (8 GB/512 GB SSD/Windows 11 Home/4 GB...","?49,990",4.4,"['AMD Ryzen 5 Hexa Core Processor8 GB DDR4 RAMWindows 11 Operating System512 GB SSD39.62 cm (15.6 Inch) Display1 Year Onsite Warranty', 'AMD Ryzen 5 Hexa Core Processor8 GB DDR4 RAMWindows 11 Operating System512 GB SSD39.62 cm (15.6 Inch) Display1 Year Onsite Warranty', 'AMD Ryzen 5 Hexa Core Processor8 GB DDR4 RAMWindows 11 Operating System512 GB SSD39.62 cm (15.6 Inch) Display1 Year Onsite Warranty', 'AMD Ryzen 5 Hexa Core Processor8 GB DDR4 RAMWindows 11 Operating System512 GB SSD39.62 cm (15.6 Inch) Display1 Year Onsite Warranty', 'AMD Ryzen 5 Hexa Core Processor8 GB DDR4 RAMWindows 11 Operating System512 GB SSD39.62 cm (15.6 Inch) Display1 Year Onsite Warranty', 'AMD Ryzen 5 Hexa Core Processor8 GB DDR4 RAMWindows 11 Operating System512 GB SSD39.62 cm (15.6 Inch) Display1 Year Onsite Warranty']"
HP 15s (2023) Intel Core i3 13th Gen 1315U - (8 GB/512 GB SSD/Windows 11 Home) 15-fd0006TU Thin and Li...,"?44,490",4.2,"['Intel Core i3 Processor (13th Gen)8 GB DDR4 RAM64 bit Windows 11 Operating System512 GB SSD39.62 cm (15.6 Inch) Display1 Year Onsite Warranty', 'Intel Core i3 Processor (13th Gen)8 GB DDR4 RAM64 bit Windows 11 Operating System512 GB SSD39.62 cm (15.6 Inch) Display1 Year Onsite Warranty', 'Intel Core i3 Processor (13th Gen)8 GB DDR4 RAM64 bit Windows 11 Operating System512 GB SSD39.62 cm (15.6 Inch) Display1 Year Onsite Warranty', 'Intel Core i3 Processor (13th Gen)8 GB DDR4 RAM64 bit Windows 11 Operating System512 GB SSD39.62 cm (15.6 Inch) Display1 Year Onsite Warranty', 'Intel Core i3 Processor (13th Gen)8 GB DDR4 RAM64 bit Windows 11 Operating System512 GB SSD39.62 cm (15.6 Inch) Display1 Year Onsite Warranty', 'Intel Core i3 Processor (13th Gen)8 GB DDR4 RAM64 bit Windows 11 Operating System512 GB SSD39.62 cm (15.6 Inch) Display1 Year Onsite Warranty']"
HP Victus Intel Core i5 13th Gen 13420H - (16 GB/512 GB SSD/Windows 11 Home/6 GB Graphics/NVIDIA GeFor...,"?73,990",4.8,"['Intel Core i5 Processor (13th Gen)16 GB DDR4 RAMWindows 11 Operating System512 GB SSD39.62 cm (15.6 inch) Display1 Year Onsite Warranty', 'Intel Core i5 Processor (13th Gen)16 GB DDR4 RAMWindows 11 Operating System512 GB SSD39.62 cm (15.6 inch) Display1 Year Onsite Warranty', 'Intel Core i5 Processor (13th Gen)16 GB DDR4 RAMWindows 11 Operating System512 GB SSD39.62 cm (15.6 inch) Display1 Year Onsite Warranty', 'Intel Core i5 Processor (13th Gen)16 GB DDR4 RAMWindows 11 Operating System512 GB SSD39.62 cm (15.6 inch) Display1 Year Onsite Warranty', 'Intel Core i5 Processor (13th Gen)16 GB DDR4 RAMWindows 11 Operating System512 GB SSD39.62 cm (15.6 inch) Display1 Year Onsite Warranty', 'Intel Core i5 Processor (13th Gen)16 GB DDR4 RAMWindows 11 Operating System512 GB SSD39.62 cm (15.6 inch) Display1 Year Onsite Warranty']"
"ASUS Vivobook Pro 15 For Creator, AMD Ryzen 5 Hexa Core 5600HS - (8 GB/512 GB SSD/Windows 11 Home/4 GB...","?48,990",4.4,"['AMD Ryzen 5 Hexa Core Processor8 GB DDR4 RAMWindows 11 Operating System512 GB SSD39.62 cm (15.6 Inch) Display1 Year Onsite Warranty', 'AMD Ryzen 5 Hexa Core Processor8 GB DDR4 RAMWindows 11 Operating System512 GB SSD39.62 cm (15.6 Inch) Display1 Year Onsite Warranty', 'AMD Ryzen 5 Hexa Core Processor8 GB DDR4 RAMWindows 11 Operating System512 GB SSD39.62 cm (15.6 Inch) Display1 Year Onsite Warranty', 'AMD Ryzen 5 Hexa Core Processor8 GB DDR4 RAMWindows 11 Operating System512 GB SSD39.62 cm (15.6 Inch) Display1 Year Onsite Warranty', 'AMD Ryzen 5 Hexa Core Processor8 GB DDR4 RAMWindows 11 Operating System512 GB SSD39.62 cm (15.6 Inch) Display1 Year Onsite Warranty', 'AMD Ryzen 5 Hexa Core Processor8 GB DDR4 RAMWindows 11 Operating System512 GB SSD39.62 cm (15.6 Inch) Display1 Year Onsite Warranty']"
Lenovo IdeaPad Gaming 3 Intel Core i5 11th Gen 11320H - (8 GB/512 GB SSD/Windows 11 Home/4 GB Graphics...,"?50,350",4.2,"['Intel Core i5 Processor (11th Gen)8 GB DDR4 RAMWindows 11 Operating System512 GB SSD100.63 cm (39.62 cm) DisplayNA1 Year Onsite Warranty', 'Intel Core i5 Processor (11th Gen)8 GB DDR4 RAMWindows 11 Operating System512 GB SSD100.63 cm (39.62 cm) DisplayNA1 Year Onsite Warranty', 'Intel Core i5 Processor (11th Gen)8 GB DDR4 RAMWindows 11 Operating System512 GB SSD100.63 cm (39.62 cm) DisplayNA1 Year Onsite Warranty', 'Intel Core i5 Processor (11th Gen)8 GB DDR4 RAMWindows 11 Operating System512 GB SSD100.63 cm (39.62 cm) DisplayNA1 Year Onsite Warranty', 'Intel Core i5 Processor (11th Gen)8 GB DDR4 RAMWindows 11 Operating System512 GB SSD100.63 cm (39.62 cm) DisplayNA1 Year Onsite Warranty', 'Intel Core i5 Processor (11th Gen)8 GB DDR4 RAMWindows 11 Operating System512 GB SSD100.63 cm (39.62 cm) DisplayNA1 Year Onsite Warranty', 'Intel Core i5 Processor (11th Gen)8 GB DDR4 RAMWindows 11 Operating System512 GB SSD100.63 cm (39.62 cm) DisplayNA1 Year Onsite Warranty']"
Lenovo LOQ Intel Core i7 13th Gen 13620H - (16 GB/512 GB SSD/Windows 11 Home/6 GB Graphics/NVIDIA GeFo...,"?1,00,190",4.4,"['Intel Core i7 Processor (13th Gen)16 GB DDR5 RAMWindows 11 Operating System512 GB SSD39.62 cm (15.6 Inch) DisplayMicrosoft Office Home & Student 20211 Year Onsite Warranty', 'Intel Core i7 Processor (13th Gen)16 GB DDR5 RAMWindows 11 Operating System512 GB SSD39.62 cm (15.6 Inch) DisplayMicrosoft Office Home & Student 20211 Year Onsite Warranty', 'Intel Core i7 Processor (13th Gen)16 GB DDR5 RAMWindows 11 Operating System512 GB SSD39.62 cm (15.6 Inch) DisplayMicrosoft Office Home & Student 20211 Year Onsite Warranty', 'Intel Core i7 Processor (13th Gen)16 GB DDR5 RAMWindows 11 Operating System512 GB SSD39.62 cm (15.6 Inch) DisplayMicrosoft Office Home & Student 20211 Year Onsite Warranty', 'Intel Core i7 Processor (13th Gen)16 GB DDR5 RAMWindows 11 Operating System512 GB SSD39.62 cm (15.6 Inch) DisplayMicrosoft Office Home & Student 20211 Year Onsite Warranty', 'Intel Core i7 Processor (13th Gen)16 GB DDR5 RAMWindows 11 Operating System512 GB SSD39.62 cm (15.6 Inch) DisplayMicrosoft Office Home & Student 20211 Year Onsite Warranty', 'Intel Core i7 Processor (13th Gen)16 GB DDR5 RAMWindows 11 Operating System512 GB SSD39.62 cm (15.6 Inch) DisplayMicrosoft Office Home & Student 20211 Year Onsite Warranty']"
"ASUS Vivobook 16X (2023) For Creator, Intel H-Series Intel Core i5 12th Gen 12450H - (16 GB/512 GB SSD...","?64,990",4.2,"['Intel Core i5 Processor (12th Gen)16 GB DDR4 RAMWindows 11 Operating System512 GB SSD40.64 cm (16 Inch) Display1 Year Onsite Warranty', 'Intel Core i5 Processor (12th Gen)16 GB DDR4 RAMWindows 11 Operating System512 GB SSD40.64 cm (16 Inch) Display1 Year Onsite Warranty', 'Intel Core i5 Processor (12th Gen)16 GB DDR4 RAMWindows 11 Operating System512 GB SSD40.64 cm (16 Inch) Display1 Year Onsite Warranty', 'Intel Core i5 Processor (12th Gen)16 GB DDR4 RAMWindows 11 Operating System512 GB SSD40.64 cm (16 Inch) Display1 Year Onsite Warranty', 'Intel Core i5 Processor (12th Gen)16 GB DDR4 RAMWindows 11 Operating System512 GB SSD40.64 cm (16 Inch) Display1 Year Onsite Warranty', 'Intel Core i5 Processor (12th Gen)16 GB DDR4 RAMWindows 11 Operating System512 GB SSD40.64 cm (16 Inch) Display1 Year Onsite Warranty']"
ASUS ROG Strix G15 AMD Ryzen 7 Octa Core 6800HS - (16 GB/512 GB SSD/Windows 11 Home/4 GB Graphics/NVID...,"?77,990",4.3,"['AMD Ryzen 7 Octa Core Processor16 GB DDR5 RAMWindows 11 Operating System512 GB SSD39.62 cm (15.6 Inch) Display1 Year Onsite Warranty', 'AMD Ryzen 7 Octa Core Processor16 GB DDR5 RAMWindows 11 Operating System512 GB SSD39.62 cm (15.6 Inch) Display1 Year Onsite Warranty', 'AMD Ryzen 7 Octa Core Processor16 GB DDR5 RAMWindows 11 Operating System512 GB SSD39.62 cm (15.6 Inch) Display1 Year Onsite Warranty', 'AMD Ryzen 7 Octa Core Processor16 GB DDR5 RAMWindows 11 Operating System512 GB SSD39.62 cm (15.6 Inch) Display1 Year Onsite Warranty', 'AMD Ryzen 7 Octa Core Processor16 GB DDR5 RAMWindows 11 Operating System512 GB SSD39.62 cm (15.6 Inch) Display1 Year Onsite Warranty', 'AMD Ryzen 7 Octa Core Processor16 GB DDR5 RAMWindows 11 Operating System512 GB SSD39.62 cm (15.6 Inch) Display1 Year Onsite Warranty']"
HP Victus Intel Core i5 12th Gen 12450H - (8 GB/512 GB SSD/Windows 11 Home/4 GB Graphics/NVIDIA GeForc...,"?56,990",4.4,"['Intel Core i5 Processor (12th Gen)8 GB DDR4 RAMWindows 11 Operating System512 GB SSD39.62 cm (15.6 inch) Display1 Year Onsite Warranty', 'Intel Core i5 Processor (12th Gen)8 GB DDR4 RAMWindows 11 Operating System512 GB SSD39.62 cm (15.6 inch) Display1 Year Onsite Warranty', 'Intel Core i5 Processor (12th Gen)8 GB DDR4 RAMWindows 11 Operating System512 GB SSD39.62 cm (15.6 inch) Display1 Year Onsite Warranty', 'Intel Core i5 Processor (12th Gen)8 GB DDR4 RAMWindows 11 Operating System512 GB SSD39.62 cm (15.6 inch) Display1 Year Onsite Warranty', 'Intel Core i5 Processor (12th Gen)8 GB DDR4 RAMWindows 11 Operating System512 GB SSD39.62 cm (15.6 inch) Display1 Year Onsite Warranty', 'Intel Core i5 Processor (12th Gen)8 GB DDR4 RAMWindows 11 Operating System512 GB SSD39.62 cm (15.6 inch) Display1 Year Onsite Warranty']"
Lenovo LOQ Intel Core i7 13th Gen 13620H - (16 GB/512 GB SSD/Windows 11 Home/8 GB Graphics/NVIDIA GeFo...,"?1,04,990",4.2,"['Intel Core i7 Processor (13th Gen)16 GB DDR5 RAMWindows 11 Operating System512 GB SSD39.62 cm (15.6 Inch) DisplayMicrosoft Office Home & Student 20211 Year Onsite Warranty', 'Intel Core i7 Processor (13th Gen)16 GB DDR5 RAMWindows 11 Operating System512 GB SSD39.62 cm (15.6 Inch) DisplayMicrosoft Office Home & Student 20211 Year Onsite Warranty', 'Intel Core i7 Processor (13th Gen)16 GB DDR5 RAMWindows 11 Operating System512 GB SSD39.62 cm (15.6 Inch) DisplayMicrosoft Office Home & Student 20211 Year Onsite Warranty', 'Intel Core i7 Processor (13th Gen)16 GB DDR5 RAMWindows 11 Operating System512 GB SSD39.62 cm (15.6 Inch) DisplayMicrosoft Office Home & Student 20211 Year Onsite Warranty', 'Intel Core i7 Processor (13th Gen)16 GB DDR5 RAMWindows 11 Operating System512 GB SSD39.62 cm (15.6 Inch) DisplayMicrosoft Office Home & Student 20211 Year Onsite Warranty', 'Intel Core i7 Processor (13th Gen)16 GB DDR5 RAMWindows 11 Operating System512 GB SSD39.62 cm (15.6 Inch) DisplayMicrosoft Office Home & Student 20211 Year Onsite Warranty', 'Intel Core i7 Processor (13th Gen)16 GB DDR5 RAMWindows 11 Operating System512 GB SSD39.62 cm (15.6 Inch) DisplayMicrosoft Office Home & Student 20211 Year Onsite Warranty']"
MSI GF63 Intel Core i7 11th Gen 11800H - (16 GB/1 TB HDD/256 GB SSD/Windows 11 Home/4 GB Graphics/NVID...,"?55,990",4.3,"['Intel Core i7 Processor (11th Gen)16 GB DDR4 RAMWindows 11 Operating System1 TB HDD|256 GB SSD39.62 cm (15.6 Inch) Display2 Year Carry-in Warranty', 'Intel Core i7 Processor (11th Gen)16 GB DDR4 RAMWindows 11 Operating System1 TB HDD|256 GB SSD39.62 cm (15.6 Inch) Display2 Year Carry-in Warranty', 'Intel Core i7 Processor (11th Gen)16 GB DDR4 RAMWindows 11 Operating System1 TB HDD|256 GB SSD39.62 cm (15.6 Inch) Display2 Year Carry-in Warranty', 'Intel Core i7 Processor (11th Gen)16 GB DDR4 RAMWindows 11 Operating System1 TB HDD|256 GB SSD39.62 cm (15.6 Inch) Display2 Year Carry-in Warranty', 'Intel Core i7 Processor (11th Gen)16 GB DDR4 RAMWindows 11 Operating System1 TB HDD|256 GB SSD39.62 cm (15.6 Inch) Display2 Year Carry-in Warranty', 'Intel Core i7 Processor (11th Gen)16 GB DDR4 RAMWindows 11 Operating System1 TB HDD|256 GB SSD39.62 cm (15.6 Inch) Display2 Year Carry-in Warranty']"
Lenovo IdeaPad Gaming 3 AMD Ryzen 7 Octa Core 6800H - (8 GB/512 GB SSD/Windows 11 Home/4 GB Graphics/N...,"?61,990",4.2,"['AMD Ryzen 7 Octa Core Processor8 GB DDR5 RAMWindows 11 Operating System512 GB SSD39.62 cm (15.6 inch) DisplayMicrosoft Office Home & Student 20211 Year Onsite Warranty', 'AMD Ryzen 7 Octa Core Processor8 GB DDR5 RAMWindows 11 Operating System512 GB SSD39.62 cm (15.6 inch) DisplayMicrosoft Office Home & Student 20211 Year Onsite Warranty', 'AMD Ryzen 7 Octa Core Processor8 GB DDR5 RAMWindows 11 Operating System512 GB SSD39.62 cm (15.6 inch) DisplayMicrosoft Office Home & Student 20211 Year Onsite Warranty', 'AMD Ryzen 7 Octa Core Processor8 GB DDR5 RAMWindows 11 Operating System512 GB SSD39.62 cm (15.6 inch) DisplayMicrosoft Office Home & Student 20211 Year Onsite Warranty', 'AMD Ryzen 7 Octa Core Processor8 GB DDR5 RAMWindows 11 Operating System512 GB SSD39.62 cm (15.6 inch) DisplayMicrosoft Office Home & Student 20211 Year Onsite Warranty', 'AMD Ryzen 7 Octa Core Processor8 GB DDR5 RAMWindows 11 Operating System512 GB SSD39.62 cm (15.6 inch) DisplayMicrosoft Office Home & Student 20211 Year Onsite Warranty', 'AMD Ryzen 7 Octa Core Processor8 GB DDR5 RAMWindows 11 Operating System512 GB SSD39.62 cm (15.6 inch) DisplayMicrosoft Office Home & Student 20211 Year Onsite Warranty']"
HP Victus Intel Core i7 12th Gen 12650H - (16 GB/512 GB SSD/Windows 11 Home/4 GB Graphics/NVIDIA GeFor...,"?77,490",4.5,"['Intel Core i7 Processor (12th Gen)16 GB DDR4 RAMWindows 11 Operating System512 GB SSD39.62 cm (15.6 Inch) Display1 Year Onsite Warranty', 'Intel Core i7 Processor (12th Gen)16 GB DDR4 RAMWindows 11 Operating System512 GB SSD39.62 cm (15.6 Inch) Display1 Year Onsite Warranty', 'Intel Core i7 Processor (12th Gen)16 GB DDR4 RAMWindows 11 Operating System512 GB SSD39.62 cm (15.6 Inch) Display1 Year Onsite Warranty', 'Intel Core i7 Processor (12th Gen)16 GB DDR4 RAMWindows 11 Operating System512 GB SSD39.62 cm (15.6 Inch) Display1 Year Onsite Warranty', 'Intel Core i7 Processor (12th Gen)16 GB DDR4 RAMWindows 11 Operating System512 GB SSD39.62 cm (15.6 Inch) Display1 Year Onsite Warranty', 'Intel Core i7 Processor (12th Gen)16 GB DDR4 RAMWindows 11 Operating System512 GB SSD39.62 cm (15.6 Inch) Display1 Year Onsite Warranty']"
HP Victus Intel Core i5 12th Gen 12450H - (16 GB/1 TB SSD/Windows 11 Home/4 GB Graphics/NVIDIA GeForce...,"?70,900",4.3,"['Intel Core i5 Processor (12th Gen)16 GB DDR4 RAMWindows 11 Operating System1 TB SSD39.62 cm (15.6 inch) Display1 Year Onsite Warranty', 'Intel Core i5 Processor (12th Gen)16 GB DDR4 RAMWindows 11 Operating System1 TB SSD39.62 cm (15.6 inch) Display1 Year Onsite Warranty', 'Intel Core i5 Processor (12th Gen)16 GB DDR4 RAMWindows 11 Operating System1 TB SSD39.62 cm (15.6 inch) Display1 Year Onsite Warranty', 'Intel Core i5 Processor (12th Gen)16 GB DDR4 RAMWindows 11 Operating System1 TB SSD39.62 cm (15.6 inch) Display1 Year Onsite Warranty', 'Intel Core i5 Processor (12th Gen)16 GB DDR4 RAMWindows 11 Operating System1 TB SSD39.62 cm (15.6 inch) Display1 Year Onsite Warranty', 'Intel Core i5 Processor (12th Gen)16 GB DDR4 RAMWindows 11 Operating System1 TB SSD39.62 cm (15.6 inch) Display1 Year Onsite Warranty']"
Acer Nitro 5 Intel Core i7 12th Gen 12650H - (16 GB/1 TB SSD/Windows 11 Home/8 GB Graphics/NVIDIA GeFo...,"?1,02,990",4.4,"['Intel Core i7 Processor (12th Gen)16 GB DDR4 RAMWindows 11 Operating System1 TB SSD39.62 cm (15.6 Inch) Display1 Year International Travelers Warranty (ITW)', 'Intel Core i7 Processor (12th Gen)16 GB DDR4 RAMWindows 11 Operating System1 TB SSD39.62 cm (15.6 Inch) Display1 Year International Travelers Warranty (ITW)', 'Intel Core i7 Processor (12th Gen)16 GB DDR4 RAMWindows 11 Operating System1 TB SSD39.62 cm (15.6 Inch) Display1 Year International Travelers Warranty (ITW)', 'Intel Core i7 Processor (12th Gen)16 GB DDR4 RAMWindows 11 Operating System1 TB SSD39.62 cm (15.6 Inch) Display1 Year International Travelers Warranty (ITW)', 'Intel Core i7 Processor (12th Gen)16 GB DDR4 RAMWindows 11 Operating System1 TB SSD39.62 cm (15.6 Inch) Display1 Year International Travelers Warranty (ITW)', 'Intel Core i7 Processor (12th Gen)16 GB DDR4 RAMWindows 11 Operating System1 TB SSD39.62 cm (15.6 Inch) Display1 Year International Travelers Warranty (ITW)']"
Lenovo IdeaPad Gaming 3 AMD Ryzen 5 Hexa Core 6600H - (16 GB/512 GB SSD/Windows 11 Home/4 GB Graphics/...,"?67,500",4.4,"['AMD Ryzen 5 Hexa Core Processor16 GB DDR5 RAMWindows 11 Operating System512 GB SSD39.62 cm (15.6 inch) DisplayMicrosoft Office Home & Student 20211 Year Onsite Warranty', 'AMD Ryzen 5 Hexa Core Processor16 GB DDR5 RAMWindows 11 Operating System512 GB SSD39.62 cm (15.6 inch) DisplayMicrosoft Office Home & Student 20211 Year Onsite Warranty', 'AMD Ryzen 5 Hexa Core Processor16 GB DDR5 RAMWindows 11 Operating System512 GB SSD39.62 cm (15.6 inch) DisplayMicrosoft Office Home & Student 20211 Year Onsite Warranty', 'AMD Ryzen 5 Hexa Core Processor16 GB DDR5 RAMWindows 11 Operating System512 GB SSD39.62 cm (15.6 inch) DisplayMicrosoft Office Home & Student 20211 Year Onsite Warranty', 'AMD Ryzen 5 Hexa Core Processor16 GB DDR5 RAMWindows 11 Operating System512 GB SSD39.62 cm (15.6 inch) DisplayMicrosoft Office Home & Student 20211 Year Onsite Warranty', 'AMD Ryzen 5 Hexa Core Processor16 GB DDR5 RAMWindows 11 Operating System512 GB SSD39.62 cm (15.6 inch) DisplayMicrosoft Office Home & Student 20211 Year Onsite Warranty', 'AMD Ryzen 5 Hexa Core Processor16 GB DDR5 RAMWindows 11 Operating System512 GB SSD39.62 cm (15.6 inch) DisplayMicrosoft Office Home & Student 20211 Year Onsite Warranty']"
"ASUS Vivobook Pro 15 For Creator, AMD Ryzen 5 Hexa Core 5600HS - (8 GB/512 GB SSD/Windows 11 Home/4 GB...","?49,990",4.4,"['AMD Ryzen 5 Hexa Core Processor8 GB DDR4 RAMWindows 11 Operating System512 GB SSD39.62 cm (15.6 Inch) Display1 Year Onsite Warranty', 'AMD Ryzen 5 Hexa Core Processor8 GB DDR4 RAMWindows 11 Operating System512 GB SSD39.62 cm (15.6 Inch) Display1 Year Onsite Warranty', 'AMD Ryzen 5 Hexa Core Processor8 GB DDR4 RAMWindows 11 Operating System512 GB SSD39.62 cm (15.6 Inch) Display1 Year Onsite Warranty', 'AMD Ryzen 5 Hexa Core Processor8 GB DDR4 RAMWindows 11 Operating System512 GB SSD39.62 cm (15.6 Inch) Display1 Year Onsite Warranty', 'AMD Ryzen 5 Hexa Core Processor8 GB DDR4 RAMWindows 11 Operating System512 GB SSD39.62 cm (15.6 Inch) Display1 Year Onsite Warranty', 'AMD Ryzen 5 Hexa Core Processor8 GB DDR4 RAMWindows 11 Operating System512 GB SSD39.62 cm (15.6 Inch) Display1 Year Onsite Warranty']"
HP OMEN Intel Core i5 13th Gen 13420H - (16 GB/512 GB SSD/Windows 11 Home/6 GB Graphics/NVIDIA GeForce...,"?89,990",4.2,"['Intel Core i5 Processor (13th Gen)16 GB DDR5 RAMWindows 11 Operating System512 GB SSD40.89 cm (16.1 Inch) Display1 Year Onsite Warranty', 'Intel Core i5 Processor (13th Gen)16 GB DDR5 RAMWindows 11 Operating System512 GB SSD40.89 cm (16.1 Inch) Display1 Year Onsite Warranty', 'Intel Core i5 Processor (13th Gen)16 GB DDR5 RAMWindows 11 Operating System512 GB SSD40.89 cm (16.1 Inch) Display1 Year Onsite Warranty', 'Intel Core i5 Processor (13th Gen)16 GB DDR5 RAMWindows 11 Operating System512 GB SSD40.89 cm (16.1 Inch) Display1 Year Onsite Warranty', 'Intel Core i5 Processor (13th Gen)16 GB DDR5 RAMWindows 11 Operating System512 GB SSD40.89 cm (16.1 Inch) Display1 Year Onsite Warranty', 'Intel Core i5 Processor (13th Gen)16 GB DDR5 RAMWindows 11 Operating System512 GB SSD40.89 cm (16.1 Inch) Display1 Year Onsite Warranty']"
Lenovo IdeaPad Gaming 3 Intel Core i5 11th Gen 11320H - (8 GB/512 GB SSD/Windows 11 Home/4 GB Graphics...,"?47,990",4.2,"['Intel Core i5 Processor (11th Gen)8 GB DDR4 RAMWindows 11 Operating System512 GB SSD39.62 cm (15.6 inch) Display1 Year Onsite Warranty', 'Intel Core i5 Processor (11th Gen)8 GB DDR4 RAMWindows 11 Operating System512 GB SSD39.62 cm (15.6 inch) Display1 Year Onsite Warranty', 'Intel Core i5 Processor (11th Gen)8 GB DDR4 RAMWindows 11 Operating System512 GB SSD39.62 cm (15.6 inch) Display1 Year Onsite Warranty', 'Intel Core i5 Processor (11th Gen)8 GB DDR4 RAMWindows 11 Operating System512 GB SSD39.62 cm (15.6 inch) Display1 Year Onsite Warranty', 'Intel Core i5 Processor (11th Gen)8 GB DDR4 RAMWindows 11 Operating System512 GB SSD39.62 cm (15.6 inch) Display1 Year Onsite Warranty', 'Intel Core i5 Processor (11th Gen)8 GB DDR4 RAMWindows 11 Operating System512 GB SSD39.62 cm (15.6 inch) Display1 Year Onsite Warranty']"
ASUS ROG Strix Scar 16 (2024) Intel Core i9 14th Gen 14900HX - (32 GB/2 TB SSD/Windows 11 Home/12 GB G...,"?2,94,990",,"['Intel Core i9 Processor (14th Gen)32 GB DDR5 RAMWindows 11 Operating System2 TB SSD40.64 cm (16 inch) Display1 Year Onsite warranty', 'Intel Core i9 Processor (14th Gen)32 GB DDR5 RAMWindows 11 Operating System2 TB SSD40.64 cm (16 inch) Display1 Year Onsite warranty', 'Intel Core i9 Processor (14th Gen)32 GB DDR5 RAMWindows 11 Operating System2 TB SSD40.64 cm (16 inch) Display1 Year Onsite warranty', 'Intel Core i9 Processor (14th Gen)32 GB DDR5 RAMWindows 11 Operating System2 TB SSD40.64 cm (16 inch) Display1 Year Onsite warranty', 'Intel Core i9 Processor (14th Gen)32 GB DDR5 RAMWindows 11 Operating System2 TB SSD40.64 cm (16 inch) Display1 Year Onsite warranty', 'Intel Core i9 Processor (14th Gen)32 GB DDR5 RAMWindows 11 Operating System2 TB SSD40.64 cm (16 inch) Display1 Year Onsite warranty']"
ASUS Vivobook Pro 15 OLED For Creator AMD Ryzen 5 Hexa Core 5600HS - (16 GB/512 GB SSD/Windows 11 Home...,"?57,990",4.3,"['AMD Ryzen 5 Hexa Core Processor16 GB DDR4 RAMWindows 11 Operating System512 GB SSD39.62 cm (15.6 Inch) Display1 Year Onsite Warranty', 'AMD Ryzen 5 Hexa Core Processor16 GB DDR4 RAMWindows 11 Operating System512 GB SSD39.62 cm (15.6 Inch) Display1 Year Onsite Warranty', 'AMD Ryzen 5 Hexa Core Processor16 GB DDR4 RAMWindows 11 Operating System512 GB SSD39.62 cm (15.6 Inch) Display1 Year Onsite Warranty', 'AMD Ryzen 5 Hexa Core Processor16 GB DDR4 RAMWindows 11 Operating System512 GB SSD39.62 cm (15.6 Inch) Display1 Year Onsite Warranty', 'AMD Ryzen 5 Hexa Core Processor16 GB DDR4 RAMWindows 11 Operating System512 GB SSD39.62 cm (15.6 Inch) Display1 Year Onsite Warranty', 'AMD Ryzen 5 Hexa Core Processor16 GB DDR4 RAMWindows 11 Operating System512 GB SSD39.62 cm (15.6 Inch) Display1 Year Onsite Warranty']"
HP OMEN Intel Core i7 14th Gen 14700HX - (16 GB/1 TB SSD/Windows 11 Home/8 GB Graphics/NVIDIA GeForce ...,"?1,38,990",4.8,"['Intel Core i7 Processor (14th Gen)16 GB DDR5 RAMWindows 11 Operating System1 TB SSD40.89 cm (16.1 Inch) Display1 Year Onsite Warranty', 'Intel Core i7 Processor (14th Gen)16 GB DDR5 RAMWindows 11 Operating System1 TB SSD40.89 cm (16.1 Inch) Display1 Year Onsite Warranty', 'Intel Core i7 Processor (14th Gen)16 GB DDR5 RAMWindows 11 Operating System1 TB SSD40.89 cm (16.1 Inch) Display1 Year Onsite Warranty', 'Intel Core i7 Processor (14th Gen)16 GB DDR5 RAMWindows 11 Operating System1 TB SSD40.89 cm (16.1 Inch) Display1 Year Onsite Warranty', 'Intel Core i7 Processor (14th Gen)16 GB DDR5 RAMWindows 11 Operating System1 TB SSD40.89 cm (16.1 Inch) Display1 Year Onsite Warranty', 'Intel Core i7 Processor (14th Gen)16 GB DDR5 RAMWindows 11 Operating System1 TB SSD40.89 cm (16.1 Inch) Display1 Year Onsite Warranty']"
HP Victus Intel Core i5 12th Gen 12450H - (16 GB/512 GB SSD/Windows 11 Home/4 GB Graphics/NVIDIA GeFor...,"?66,990",4.4,"['Intel Core i5 Processor (12th Gen)16 GB DDR4 RAMWindows 11 Operating System512 GB SSD39.62 cm (15.6 Inch) Display1 Year Onsite Warranty', 'Intel Core i5 Processor (12th Gen)16 GB DDR4 RAMWindows 11 Operating System512 GB SSD39.62 cm (15.6 Inch) Display1 Year Onsite Warranty', 'Intel Core i5 Processor (12th Gen)16 GB DDR4 RAMWindows 11 Operating System512 GB SSD39.62 cm (15.6 Inch) Display1 Year Onsite Warranty', 'Intel Core i5 Processor (12th Gen)16 GB DDR4 RAMWindows 11 Operating System512 GB SSD39.62 cm (15.6 Inch) Display1 Year Onsite Warranty', 'Intel Core i5 Processor (12th Gen)16 GB DDR4 RAMWindows 11 Operating System512 GB SSD39.62 cm (15.6 Inch) Display1 Year Onsite Warranty', 'Intel Core i5 Processor (12th Gen)16 GB DDR4 RAMWindows 11 Operating System512 GB SSD39.62 cm (15.6 Inch) Display1 Year Onsite Warranty']"
HP Victus Intel Core i5 12th Gen 12450H - (8 GB/512 GB SSD/Windows 11 Home/4 GB Graphics/NVIDIA GeForc...,"?56,499",4.3,"['Intel Core i5 Processor (12th Gen)8 GB DDR4 RAM64 bit Windows 11 Operating System512 GB SSD39.62 cm (15.6 Inch) Display1 Year Onsite Warranty', 'Intel Core i5 Processor (12th Gen)8 GB DDR4 RAM64 bit Windows 11 Operating System512 GB SSD39.62 cm (15.6 Inch) Display1 Year Onsite Warranty', 'Intel Core i5 Processor (12th Gen)8 GB DDR4 RAM64 bit Windows 11 Operating System512 GB SSD39.62 cm (15.6 Inch) Display1 Year Onsite Warranty', 'Intel Core i5 Processor (12th Gen)8 GB DDR4 RAM64 bit Windows 11 Operating System512 GB SSD39.62 cm (15.6 Inch) Display1 Year Onsite Warranty', 'Intel Core i5 Processor (12th Gen)8 GB DDR4 RAM64 bit Windows 11 Operating System512 GB SSD39.62 cm (15.6 Inch) Display1 Year Onsite Warranty', 'Intel Core i5 Processor (12th Gen)8 GB DDR4 RAM64 bit Windows 11 Operating System512 GB SSD39.62 cm (15.6 Inch) Display1 Year Onsite Warranty']"
ASUS Vivobook Pro 15 OLED For Creator AMD Ryzen 5 Hexa Core 5600HS - (16 GB/512 GB SSD/Windows 11 Home...,"?57,990",4.3,"['AMD Ryzen 5 Hexa Core Processor16 GB DDR4 RAMWindows 11 Operating System512 GB SSD39.62 cm (15.6 Inch) Display1 Year Onsite Warranty', 'AMD Ryzen 5 Hexa Core Processor16 GB DDR4 RAMWindows 11 Operating System512 GB SSD39.62 cm (15.6 Inch) Display1 Year Onsite Warranty', 'AMD Ryzen 5 Hexa Core Processor16 GB DDR4 RAMWindows 11 Operating System512 GB SSD39.62 cm (15.6 Inch) Display1 Year Onsite Warranty', 'AMD Ryzen 5 Hexa Core Processor16 GB DDR4 RAMWindows 11 Operating System512 GB SSD39.62 cm (15.6 Inch) Display1 Year Onsite Warranty', 'AMD Ryzen 5 Hexa Core Processor16 GB DDR4 RAMWindows 11 Operating System512 GB SSD39.62 cm (15.6 Inch) Display1 Year Onsite Warranty', 'AMD Ryzen 5 Hexa Core Processor16 GB DDR4 RAMWindows 11 Operating System512 GB SSD39.62 cm (15.6 Inch) Display1 Year Onsite Warranty']"
Acer Aspire 7 (2023) Intel Core i5 12th Gen 12450H - (8 GB/512 GB SSD/Windows 11 Home/4 GB Graphics/NV...,"?53,890",4.2,"['Intel Core i5 Processor (12th Gen)8 GB DDR4 RAM64 bit Windows 11 Operating System512 GB SSD39.62 cm (15.6 Inch) DisplayOne-year International Travelers Warranty', 'Intel Core i5 Processor (12th Gen)8 GB DDR4 RAM64 bit Windows 11 Operating System512 GB SSD39.62 cm (15.6 Inch) DisplayOne-year International Travelers Warranty', 'Intel Core i5 Processor (12th Gen)8 GB DDR4 RAM64 bit Windows 11 Operating System512 GB SSD39.62 cm (15.6 Inch) DisplayOne-year International Travelers Warranty', 'Intel Core i5 Processor (12th Gen)8 GB DDR4 RAM64 bit Windows 11 Operating System512 GB SSD39.62 cm (15.6 Inch) DisplayOne-year International Travelers Warranty', 'Intel Core i5 Processor (12th Gen)8 GB DDR4 RAM64 bit Windows 11 Operating System512 GB SSD39.62 cm (15.6 Inch) DisplayOne-year International Travelers Warranty', 'Intel Core i5 Processor (12th Gen)8 GB DDR4 RAM64 bit Windows 11 Operating System512 GB SSD39.62 cm (15.6 Inch) DisplayOne-year International Travelers Warranty']"
HP OMEN Intel Core Ultra 7 155H - (16 GB/1 TB SSD/Windows 11 Home/8 GB Graphics/NVIDIA GeForce RTX 406...,"?1,69,990",,"['Intel Core Ultra 7 Processor16 GB LPDDR5X RAM64 bit Windows 11 Operating System1 TB SSD35.56 cm (14 inch) DisplayMicrosoft Office Home & Student 20211 Year Onsite Warranty', 'Intel Core Ultra 7 Processor16 GB LPDDR5X RAM64 bit Windows 11 Operating System1 TB SSD35.56 cm (14 inch) DisplayMicrosoft Office Home & Student 20211 Year Onsite Warranty', 'Intel Core Ultra 7 Processor16 GB LPDDR5X RAM64 bit Windows 11 Operating System1 TB SSD35.56 cm (14 inch) DisplayMicrosoft Office Home & Student 20211 Year Onsite Warranty', 'Intel Core Ultra 7 Processor16 GB LPDDR5X RAM64 bit Windows 11 Operating System1 TB SSD35.56 cm (14 inch) DisplayMicrosoft Office Home & Student 20211 Year Onsite Warranty', 'Intel Core Ultra 7 Processor16 GB LPDDR5X RAM64 bit Windows 11 Operating System1 TB SSD35.56 cm (14 inch) DisplayMicrosoft Office Home & Student 20211 Year Onsite Warranty', 'Intel Core Ultra 7 Processor16 GB LPDDR5X RAM64 bit Windows 11 Operating System1 TB SSD35.56 cm (14 inch) DisplayMicrosoft Office Home & Student 20211 Year Onsite Warranty', 'Intel Core Ultra 7 Processor16 GB LPDDR5X RAM64 bit Windows 11 Operating System1 TB SSD35.56 cm (14 inch) DisplayMicrosoft Office Home & Student 20211 Year Onsite Warranty']"
HP Pavilion AMD Ryzen 5 Hexa Core 5500U - (16 GB/1 TB SSD/Windows 11 Home) 15-eh1047AU Thin and Light ...,"?55,490",4.4,"['AMD Ryzen 5 Hexa Core Processor16 GB DDR4 RAMWindows 11 Operating System1 TB SSD39.62 cm (15.6 Inch) Display1 Year Onsite Warranty', 'AMD Ryzen 5 Hexa Core Processor16 GB DDR4 RAMWindows 11 Operating System1 TB SSD39.62 cm (15.6 Inch) Display1 Year Onsite Warranty', 'AMD Ryzen 5 Hexa Core Processor16 GB DDR4 RAMWindows 11 Operating System1 TB SSD39.62 cm (15.6 Inch) Display1 Year Onsite Warranty', 'AMD Ryzen 5 Hexa Core Processor16 GB DDR4 RAMWindows 11 Operating System1 TB SSD39.62 cm (15.6 Inch) Display1 Year Onsite Warranty', 'AMD Ryzen 5 Hexa Core Processor16 GB DDR4 RAMWindows 11 Operating System1 TB SSD39.62 cm (15.6 Inch) Display1 Year Onsite Warranty', 'AMD Ryzen 5 Hexa Core Processor16 GB DDR4 RAMWindows 11 Operating System1 TB SSD39.62 cm (15.6 Inch) Display1 Year Onsite Warranty']"
CHUWI Intel Celeron Dual Core 10th Gen N4020 - (4 GB/128 GB SSD/Windows 11 Home) HeroBook Air Laptop,"?11,990",3.5,"['Fan-less Design\n(Low Power Consumption)4x faster than eMMCM.2 port for easy DIY upgradesLPDDR4 4GB RAMIntel 9th generation UHD GraphicsSupport 4K/60 Frames HDIntel Celeron Dual Core Processor (10th Gen)4 GB LPDDR4 RAM64 bit Windows 11 Operating System128 GB SSD29.46 cm (11.6 inch) DisplayOperating System Software1 Year Onsite Warranty', 'Fan-less Design\n(Low Power Consumption)4x faster than eMMCM.2 port for easy DIY upgradesLPDDR4 4GB RAMIntel 9th generation UHD GraphicsSupport 4K/60 Frames HDIntel Celeron Dual Core Processor (10th Gen)4 GB LPDDR4 RAM64 bit Windows 11 Operating System128 GB SSD29.46 cm (11.6 inch) DisplayOperating System Software1 Year Onsite Warranty', 'Fan-less Design\n(Low Power Consumption)4x faster than eMMCM.2 port for easy DIY upgradesLPDDR4 4GB RAMIntel 9th generation UHD GraphicsSupport 4K/60 Frames HDIntel Celeron Dual Core Processor (10th Gen)4 GB LPDDR4 RAM64 bit Windows 11 Operating System128 GB SSD29.46 cm (11.6 inch) DisplayOperating System Software1 Year Onsite Warranty', 'Fan-less Design\n(Low Power Consumption)4x faster than eMMCM.2 port for easy DIY upgradesLPDDR4 4GB RAMIntel 9th generation UHD GraphicsSupport 4K/60 Frames HDIntel Celeron Dual Core Processor (10th Gen)4 GB LPDDR4 RAM64 bit Windows 11 Operating System128 GB SSD29.46 cm (11.6 inch) DisplayOperating System Software1 Year Onsite Warranty', 'Fan-less Design\n(Low Power Consumption)4x faster than eMMCM.2 port for easy DIY upgradesLPDDR4 4GB RAMIntel 9th generation UHD GraphicsSupport 4K/60 Frames HDIntel Celeron Dual Core Processor (10th Gen)4 GB LPDDR4 RAM64 bit Windows 11 Operating System128 GB SSD29.46 cm (11.6 inch) DisplayOperating System Software1 Year Onsite Warranty', 'Fan-less Design\n(Low Power Consumption)4x faster than eMMCM.2 port for easy DIY upgradesLPDDR4 4GB RAMIntel 9th generation UHD GraphicsSupport 4K/60 Frames HDIntel Celeron Dual Core Processor (10th Gen)4 GB LPDDR4 RAM64 bit Windows 11 Operating System128 GB SSD29.46 cm (11.6 inch) DisplayOperating System Software1 Year Onsite Warranty', 'Fan-less Design\n(Low Power Consumption)4x faster than eMMCM.2 port for easy DIY upgradesLPDDR4 4GB RAMIntel 9th generation UHD GraphicsSupport 4K/60 Frames HDIntel Celeron Dual Core Processor (10th Gen)4 GB LPDDR4 RAM64 bit Windows 11 Operating System128 GB SSD29.46 cm (11.6 inch) DisplayOperating System Software1 Year Onsite Warranty', 'Fan-less Design\n(Low Power Consumption)4x faster than eMMCM.2 port for easy DIY upgradesLPDDR4 4GB RAMIntel 9th generation UHD GraphicsSupport 4K/60 Frames HDIntel Celeron Dual Core Processor (10th Gen)4 GB LPDDR4 RAM64 bit Windows 11 Operating System128 GB SSD29.46 cm (11.6 inch) DisplayOperating System Software1 Year Onsite Warranty', 'Fan-less Design\n(Low Power Consumption)4x faster than eMMCM.2 port for easy DIY upgradesLPDDR4 4GB RAMIntel 9th generation UHD GraphicsSupport 4K/60 Frames HDIntel Celeron Dual Core Processor (10th Gen)4 GB LPDDR4 RAM64 bit Windows 11 Operating System128 GB SSD29.46 cm (11.6 inch) DisplayOperating System Software1 Year Onsite Warranty', 'Fan-less Design\n(Low Power Consumption)4x faster than eMMCM.2 port for easy DIY upgradesLPDDR4 4GB RAMIntel 9th generation UHD GraphicsSupport 4K/60 Frames HDIntel Celeron Dual Core Processor (10th Gen)4 GB LPDDR4 RAM64 bit Windows 11 Operating System128 GB SSD29.46 cm (11.6 inch) DisplayOperating System Software1 Year Onsite Warranty', 'Fan-less Design\n(Low Power Consumption)4x faster than eMMCM.2 port for easy DIY upgradesLPDDR4 4GB RAMIntel 9th generation UHD GraphicsSupport 4K/60 Frames HDIntel Celeron Dual Core Processor (10th Gen)4 GB LPDDR4 RAM64 bit Windows 11 Operating System128 GB SSD29.46 cm (11.6 inch) DisplayOperating System Software1 Year Onsite Warranty', 'Fan-less Design\n(Low Power Consumption)4x faster than eMMCM.2 port for easy DIY upgradesLPDDR4 4GB RAMIntel 9th generation UHD GraphicsSupport 4K/60 Frames HDIntel Celeron Dual Core Processor (10th Gen)4 GB LPDDR4 RAM64 bit Windows 11 Operating System128 GB SSD29.46 cm (11.6 inch) DisplayOperating System Software1 Year Onsite Warranty', 'Fan-less Design\n(Low Power Consumption)4x faster than eMMCM.2 port for easy DIY upgradesLPDDR4 4GB RAMIntel 9th generation UHD GraphicsSupport 4K/60 Frames HDIntel Celeron Dual Core Processor (10th Gen)4 GB LPDDR4 RAM64 bit Windows 11 Operating System128 GB SSD29.46 cm (11.6 inch) DisplayOperating System Software1 Year Onsite Warranty']"
"ASUS Vivobook Pro 15 For Creator, AMD Ryzen 5 Hexa Core 5600HS - (8 GB/512 GB SSD/Windows 11 Home/4 GB...","?49,899",4.4,"['AMD Ryzen 5 Hexa Core Processor8 GB DDR4 RAMWindows 11 Operating System512 GB SSD39.62 cm (15.6 Inch) Display1 Year Onsite Warranty', 'AMD Ryzen 5 Hexa Core Processor8 GB DDR4 RAMWindows 11 Operating System512 GB SSD39.62 cm (15.6 Inch) Display1 Year Onsite Warranty', 'AMD Ryzen 5 Hexa Core Processor8 GB DDR4 RAMWindows 11 Operating System512 GB SSD39.62 cm (15.6 Inch) Display1 Year Onsite Warranty', 'AMD Ryzen 5 Hexa Core Processor8 GB DDR4 RAMWindows 11 Operating System512 GB SSD39.62 cm (15.6 Inch) Display1 Year Onsite Warranty', 'AMD Ryzen 5 Hexa Core Processor8 GB DDR4 RAMWindows 11 Operating System512 GB SSD39.62 cm (15.6 Inch) Display1 Year Onsite Warranty', 'AMD Ryzen 5 Hexa Core Processor8 GB DDR4 RAMWindows 11 Operating System512 GB SSD39.62 cm (15.6 Inch) Display1 Year Onsite Warranty']"
HP Victus Intel Core i5 11th Gen 11400H - (16 GB/512 GB SSD/Windows 11 Home/4 GB Graphics/NVIDIA GeFor...,"?58,828",4.3,"['Intel Core i5 Processor (11th Gen)16 GB DDR4 RAMWindows 11 Operating System512 GB SSD40.89 cm (16.1 Inch) Display1 Year Onsite Warranty', 'Intel Core i5 Processor (11th Gen)16 GB DDR4 RAMWindows 11 Operating System512 GB SSD40.89 cm (16.1 Inch) Display1 Year Onsite Warranty', 'Intel Core i5 Processor (11th Gen)16 GB DDR4 RAMWindows 11 Operating System512 GB SSD40.89 cm (16.1 Inch) Display1 Year Onsite Warranty', 'Intel Core i5 Processor (11th Gen)16 GB DDR4 RAMWindows 11 Operating System512 GB SSD40.89 cm (16.1 Inch) Display1 Year Onsite Warranty', 'Intel Core i5 Processor (11th Gen)16 GB DDR4 RAMWindows 11 Operating System512 GB SSD40.89 cm (16.1 Inch) Display1 Year Onsite Warranty', 'Intel Core i5 Processor (11th Gen)16 GB DDR4 RAMWindows 11 Operating System512 GB SSD40.89 cm (16.1 Inch) Display1 Year Onsite Warranty']"
ASUS ROG Strix G15 AMD Ryzen 7 Octa Core 6800HS - (16 GB/512 GB SSD/Windows 11 Home/4 GB Graphics/NVID...,"?77,990",4.3,"['AMD Ryzen 7 Octa Core Processor16 GB DDR5 RAMWindows 11 Operating System512 GB SSD39.62 cm (15.6 Inch) Display1 Year Onsite Warranty', 'AMD Ryzen 7 Octa Core Processor16 GB DDR5 RAMWindows 11 Operating System512 GB SSD39.62 cm (15.6 Inch) Display1 Year Onsite Warranty', 'AMD Ryzen 7 Octa Core Processor16 GB DDR5 RAMWindows 11 Operating System512 GB SSD39.62 cm (15.6 Inch) Display1 Year Onsite Warranty', 'AMD Ryzen 7 Octa Core Processor16 GB DDR5 RAMWindows 11 Operating System512 GB SSD39.62 cm (15.6 Inch) Display1 Year Onsite Warranty', 'AMD Ryzen 7 Octa Core Processor16 GB DDR5 RAMWindows 11 Operating System512 GB SSD39.62 cm (15.6 Inch) Display1 Year Onsite Warranty', 'AMD Ryzen 7 Octa Core Processor16 GB DDR5 RAMWindows 11 Operating System512 GB SSD39.62 cm (15.6 Inch) Display1 Year Onsite Warranty']"
Lenovo IdeaPad Gaming 3 AMD Ryzen 7 Octa Core 6800H - (8 GB/512 GB SSD/Windows 11 Home/4 GB Graphics/N...,"?61,990",4.2,"['AMD Ryzen 7 Octa Core Processor8 GB DDR5 RAMWindows 11 Operating System512 GB SSD39.62 cm (15.6 inch) DisplayMicrosoft Office Home & Student 20211 Year Onsite Warranty', 'AMD Ryzen 7 Octa Core Processor8 GB DDR5 RAMWindows 11 Operating System512 GB SSD39.62 cm (15.6 inch) DisplayMicrosoft Office Home & Student 20211 Year Onsite Warranty', 'AMD Ryzen 7 Octa Core Processor8 GB DDR5 RAMWindows 11 Operating System512 GB SSD39.62 cm (15.6 inch) DisplayMicrosoft Office Home & Student 20211 Year Onsite Warranty', 'AMD Ryzen 7 Octa Core Processor8 GB DDR5 RAMWindows 11 Operating System512 GB SSD39.62 cm (15.6 inch) DisplayMicrosoft Office Home & Student 20211 Year Onsite Warranty', 'AMD Ryzen 7 Octa Core Processor8 GB DDR5 RAMWindows 11 Operating System512 GB SSD39.62 cm (15.6 inch) DisplayMicrosoft Office Home & Student 20211 Year Onsite Warranty', 'AMD Ryzen 7 Octa Core Processor8 GB DDR5 RAMWindows 11 Operating System512 GB SSD39.62 cm (15.6 inch) DisplayMicrosoft Office Home & Student 20211 Year Onsite Warranty', 'AMD Ryzen 7 Octa Core Processor8 GB DDR5 RAMWindows 11 Operating System512 GB SSD39.62 cm (15.6 inch) DisplayMicrosoft Office Home & Student 20211 Year Onsite Warranty']"
Lenovo LOQ Intel Core i5 12th Gen 12450H - (16 GB/512 GB SSD/Windows 11 Home/4 GB Graphics/NVIDIA GeFo...,"?84,990",4.1,"['Intel Core i5 Processor (12th Gen)16 GB DDR5 RAMWindows 11 Operating System512 GB SSD39.62 cm (15.6 inch) Display1 Year Onsite Warranty', 'Intel Core i5 Processor (12th Gen)16 GB DDR5 RAMWindows 11 Operating System512 GB SSD39.62 cm (15.6 inch) Display1 Year Onsite Warranty', 'Intel Core i5 Processor (12th Gen)16 GB DDR5 RAMWindows 11 Operating System512 GB SSD39.62 cm (15.6 inch) Display1 Year Onsite Warranty', 'Intel Core i5 Processor (12th Gen)16 GB DDR5 RAMWindows 11 Operating System512 GB SSD39.62 cm (15.6 inch) Display1 Year Onsite Warranty', 'Intel Core i5 Processor (12th Gen)16 GB DDR5 RAMWindows 11 Operating System512 GB SSD39.62 cm (15.6 inch) Display1 Year Onsite Warranty', 'Intel Core i5 Processor (12th Gen)16 GB DDR5 RAMWindows 11 Operating System512 GB SSD39.62 cm (15.6 inch) Display1 Year Onsite Warranty']"
Acer Aspire 7 (2023) Intel Core i5 12th Gen 12450H - (16 GB/512 GB SSD/Windows 11 Home/4 GB Graphics/N...,"?54,490",4.2,"['Intel Core i5 Processor (12th Gen)16 GB DDR4 RAMWindows 11 Operating System512 GB SSD39.62 cm (15.6 Inch) Display1 Year Onsite Warranty', 'Intel Core i5 Processor (12th Gen)16 GB DDR4 RAMWindows 11 Operating System512 GB SSD39.62 cm (15.6 Inch) Display1 Year Onsite Warranty', 'Intel Core i5 Processor (12th Gen)16 GB DDR4 RAMWindows 11 Operating System512 GB SSD39.62 cm (15.6 Inch) Display1 Year Onsite Warranty', 'Intel Core i5 Processor (12th Gen)16 GB DDR4 RAMWindows 11 Operating System512 GB SSD39.62 cm (15.6 Inch) Display1 Year Onsite Warranty', 'Intel Core i5 Processor (12th Gen)16 GB DDR4 RAMWindows 11 Operating System512 GB SSD39.62 cm (15.6 Inch) Display1 Year Onsite Warranty', 'Intel Core i5 Processor (12th Gen)16 GB DDR4 RAMWindows 11 Operating System512 GB SSD39.62 cm (15.6 Inch) Display1 Year Onsite Warranty']"
"ASUS Vivobook 16X (2023) For Creator, Intel H-Series Intel Core i5 12th Gen 12450H - (16 GB/512 GB SSD...","?71,990",4.2,"['Intel Core i5 Processor (12th Gen)16 GB DDR4 RAMWindows 11 Operating System512 GB SSD40.64 cm (16 Inch) Display1 Year Onsite Warranty', 'Intel Core i5 Processor (12th Gen)16 GB DDR4 RAMWindows 11 Operating System512 GB SSD40.64 cm (16 Inch) Display1 Year Onsite Warranty', 'Intel Core i5 Processor (12th Gen)16 GB DDR4 RAMWindows 11 Operating System512 GB SSD40.64 cm (16 Inch) Display1 Year Onsite Warranty', 'Intel Core i5 Processor (12th Gen)16 GB DDR4 RAMWindows 11 Operating System512 GB SSD40.64 cm (16 Inch) Display1 Year Onsite Warranty', 'Intel Core i5 Processor (12th Gen)16 GB DDR4 RAMWindows 11 Operating System512 GB SSD40.64 cm (16 Inch) Display1 Year Onsite Warranty', 'Intel Core i5 Processor (12th Gen)16 GB DDR4 RAMWindows 11 Operating System512 GB SSD40.64 cm (16 Inch) Display1 Year Onsite Warranty']"
HP OMEN Intel Core i7 14th Gen 14700HX - (16 GB/1 TB SSD/Windows 11 Home/8 GB Graphics/NVIDIA GeForce ...,"?1,38,990",4.8,"['Intel Core i7 Processor (14th Gen)16 GB DDR5 RAMWindows 11 Operating System1 TB SSD40.89 cm (16.1 Inch) Display1 Year Onsite Warranty', 'Intel Core i7 Processor (14th Gen)16 GB DDR5 RAMWindows 11 Operating System1 TB SSD40.89 cm (16.1 Inch) Display1 Year Onsite Warranty', 'Intel Core i7 Processor (14th Gen)16 GB DDR5 RAMWindows 11 Operating System1 TB SSD40.89 cm (16.1 Inch) Display1 Year Onsite Warranty', 'Intel Core i7 Processor (14th Gen)16 GB DDR5 RAMWindows 11 Operating System1 TB SSD40.89 cm (16.1 Inch) Display1 Year Onsite Warranty', 'Intel Core i7 Processor (14th Gen)16 GB DDR5 RAMWindows 11 Operating System1 TB SSD40.89 cm (16.1 Inch) Display1 Year Onsite Warranty', 'Intel Core i7 Processor (14th Gen)16 GB DDR5 RAMWindows 11 Operating System1 TB SSD40.89 cm (16.1 Inch) Display1 Year Onsite Warranty']"
